fasta_header,rename,viral_type
gi|397022|emb|X74479.1|Human_papillomavirus_type_45_genomic_DNA,HPV_type45,HPV
"gi|733573629|ref|NC_010277.2|Merkel_cell_polyomavirus_isolate_R17b,_complete_genome",MCP_R17b,MCP
"gi|157781212|ref|NC_009823.1|Hepatitis_C_virus_genotype_2,_complete_genome",HCV_genotype_2,HCV
gi|82503188|ref|NC_007605.1|Human_herpesvirus_4_complete_wild_type_genome,HHV4_NC_007605_1,HHV4
"gi|139424470|ref|NC_009334.1|:36201-37565_Human_herpesvirus_4,_complete_genome",HHV4_NC_009334_1_36201.37565,HHV4
"gi|9629357|ref|NC_001802.1|Human_immunodeficiency_virus_1,_complete_genome",HIV_type1,HIV
"gi|9626453|ref|NC_001436.1|Human_T-lymphotropic_virus_1,_complete_genome",HTLV_type1,HTLV
"gi|9628880|ref|NC_001722.1|Human_immunodeficiency_virus_2,_complete_genome",HIV_type2,HIV
gi|333048|gb|J04353.1|PPH31A_Human_papillomavirus_type_31_(HPV-31)_complete_genome,HPV_type31,HPV
"gi|333031|gb|K02718.1|PPH16_Human_papillomavirus_type_16_(HPV16),_complete_genome",HPV_type16,HPV
"gi|139424470|ref|NC_009334.1|:83074-86532_Human_herpesvirus_4,_complete_genome",HHV4_NC_009334_1_83074.86532,HHV4
"gi|22129792|ref|NC_004102.1|_Hepatitis_C_virus_genotype_1,_complete_genome",HCV_genotype_1,HCV
gnl|hbvnuc|AB064313_FT00000_C-G_Feature_FT:source_AB064313_FT00000_C-G_of[Viruses]|Hepatitis_B_Virus_genotype_G_Complete_genome_[Retro-transcribing_viruses](length=3248_residues),HBV_genotype_G,HBV
"gi|139472801|ref|NC_009333.1|Human_herpesvirus_8,_complete_genome",HHV8,HHV8
"gnl|hbvnuc|AY738145_FT00000_C-E_Feature_FT:source_AY738145_FT00000_C-E_of[Viruses]|Hepatitis_B_Virus_genotype_E_(isolate_patient_B,7/98)_Complete_genome_[Retro-transcribing_viruses](length=3212_residues)",HBV_genotype_E,HBV
gi|222386|dbj|D90400.1|PPH58_Human_papillomavirus_type_58_complete_genome,HPV_type58,HPV
"gi|157781216|ref|NC_009824.1|Hepatitis_C_virus_genotype_3,_genome",HCV_genotype_3,HCV
gi|396997|emb|X74477.1|Human_papillomavirus_type_35H_genomic_DNA,HPV_type35H,HPV
gnl|hbvnuc|AY090458_FT00000_C-F_Feature_FT:source_AY090458_FT00000_C-F_of[Viruses]|Hepatitis_B_Virus_genotype_F_Complete_genome_[Retro-transcribing_viruses](length=3215_residues),HBV_genotype_F,HBV
"gi|1057485909|ref|NC_030791.1|Hepatitis_C_virus_genotype_7,_complete_genome",HCV_genotype_7,HCV
"gi|157781208|ref|NC_009825.1|Hepatitis_C_virus_genotype_4,_genome",HCV_genotype_4,HCV
gnl|hbvnuc|FJ904433_FT00000_C-D_Feature_FT:source_FJ904433_FT00000_C-D_of[Viruses]|Hepatitis_B_Virus_genotype_D_(isolate_B15)_Complete_genome_[Retro-transcribing_viruses](length=3182_residues),HBV_genotype_D,HBV
"gi|139424470|ref|NC_009334.1|:80026-82888_Human_herpesvirus_4,_complete_genome",HHV4_NC_009334_1_80026.82888,HHV4
"gi|333049|gb|M12732.1|PPH33CG_Human_papillomavirus_type_33,_complete_genome",HPV_type33,HPV
"gi|157781214|ref|NC_009827.1|Hepatitis_C_virus_genotype_6,_complete_genome",HCV_genotype_6,HCV
gnl|hbvnuc|GQ924620_FT00000_C-C_Feature_FT:source_GQ924620_FT00000_C-C_of[Viruses]|Hepatitis_B_Virus_genotype_C_(isolate_M38)_Complete_genome_[Retro-transcribing_viruses](length=3215_residues),HBV_genotype_C,HBV
gnl|hbvnuc|EU054331_FT00000_C-A_Feature_FT:source_EU054331_FT00000_C-A_of[Viruses]|Hepatitis_B_Virus_genotype_A_Complete_genome_[Retro-transcribing_viruses](length=3221_residues),HBV_genotype_A,HBV
gnl|hbvnuc|FJ356716_FT00000_C-H_Feature_FT:source_FJ356716_FT00000_C-H_of[Viruses]|Hepatitis_B_Virus_genotype_H_(isolate_CL150171)_Complete_genome_[Retro-transcribing_viruses](length=3215_residues),HBV_genotype_H,HBV
gi|397053|emb|X74483.1|Human_papillomavirus_type_56_genomic_DNA,HPV_type56,HPV
"gnl|hbvnuc|AB219428_FT00000_C-B_Feature_FT:source_AB219428_FT00000_C-B_of[Viruses]|Hepatitis_B_Virus_genotype_B_(isolate_Patient__4076,|PNN3)_Complete_genome_[Retro-transcribing_viruses](length=3215_residues)",HBV_genotype_B,HBV
"gi|157781210|ref|NC_009826.1|Hepatitis_C_virus_genotype_5,_genome",HCV_genotype_5,HCV
"gi|60975|emb|X05015.1|Human_papillomavirus_type_18_E6,_E7,_E1,_E2,_E4,_E5,_L1",HPV_type18,HPV
gi|397038|emb|X74481.1|Human_papillomavirus_type_52_genomic_DNA,HPV_type52,HPV
"gi|139424470|ref|NC_009334.1|:86654-89937_Human_herpesvirus_4,_complete_genome",HHV4_NC_009334_1_86654.89937,HHV4